Scenario,Framework,Endpoint,Profile,Throughput,Error_Rate,Latency_P99,CPU_Mean,RAM_Mean,TCP_Max,CPU_Temp_Max_C
A (Ideal),FastAPI,IO,high,100.02409142069489,0.0,1.7033410899999992,9.61111111111111,45.044444444444444,2,42.625
A (Ideal),FastAPI,CPU,low,10.031979705938836,0.0,3.473537699999998,3.2588888888888885,41.144444444444446,0,42.625
A (Ideal),Express,CPU,high,100.00328397655191,0.0,24.84457449,89.3788888888889,43.528888888888886,3,42.5
A (Ideal),Express,CPU,medium,50.01871077339216,0.0,14.63642756,44.91888888888889,34.48111111111112,1,42.5
A (Ideal),FastAPI,IO,medium,50.03102161662552,0.0,1.8077186999999997,6.245555555555556,44.193333333333335,2,42.125
A (Ideal),Express,CPU,high,100.0023391350208,0.0,26.01911268,89.40111111111112,43.18555555555557,3,42.375
A (Ideal),Express,CPU,low,10.030179804682023,0.0,13.30495112999998,10.067777777777778,30.662222222222226,0,42.5
A (Ideal),FastAPI,IO,high,100.02430904348127,0.0,1.75252568,9.683333333333334,46.61000000000001,2,42.5
A (Ideal),Express,CPU,medium,50.01841096065152,0.0,14.60297979,44.83222222222222,34.43777777777778,1,42.75
A (Ideal),Express,CPU,high,100.00381273450085,0.0,25.664298939999995,89.17333333333335,43.78888888888889,3,42.375
A (Ideal),FastAPI,IO,high,100.02406564687459,0.0,1.4969291999999996,9.654444444444445,44.852222222222224,2,42.75
A (Ideal),FastAPI,CPU,medium,50.02842908311783,0.0,2.94141191,14.572222222222223,41.20777777777778,1,42.625
A (Ideal),FastAPI,IO,high,100.02447943647971,0.0,1.4851286099999998,9.744444444444444,44.84777777777777,1,41.875
A (Ideal),FastAPI,IO,low,10.032392861044338,0.0,1.6631721199999887,1.663333333333333,42.82333333333333,1,42.0
A (Ideal),Express,IO,high,100.02705531192115,0.0,1.8391981799999981,5.671111111111111,36.532222222222224,1,42.125
A (Ideal),FastAPI,IO,medium,50.02898910275252,0.0,1.7885996999999996,6.250000000000001,44.01888888888889,1,42.625
A (Ideal),Express,IO,high,100.0282349108713,0.0,2.2785637999999997,5.748888888888889,36.528888888888886,1,42.25
A (Ideal),FastAPI,IO,medium,50.030580934276955,0.0,2.0105951099999997,6.228888888888889,43.96,2,42.75
A (Ideal),FastAPI,CPU,medium,50.02766919395684,0.0,3.59404389,14.731111111111112,41.42333333333333,0,42.125
A (Ideal),FastAPI,IO,medium,50.03089263293791,0.0,1.7849987899999988,6.262222222222222,45.669999999999995,1,41.75
A (Ideal),FastAPI,IO,low,10.032432111596389,0.0,1.5032418999999995,1.66,42.59888888888889,1,42.125
A (Ideal),Express,CPU,high,100.00408186937553,0.0,25.67130541,89.57777777777777,43.92,2,43.25
A (Ideal),FastAPI,IO,high,100.02457640839116,0.0,1.7118608899999996,9.671111111111111,44.82222222222222,1,42.375
A (Ideal),FastAPI,CPU,medium,50.02798915676045,0.0,3.7269225999999995,14.687777777777777,43.56111111111111,1,41.625
A (Ideal),Express,CPU,low,10.030058120160788,0.0,12.488228579999996,9.942222222222222,30.625555555555554,1,42.625
A (Ideal),Express,IO,medium,50.031835338490104,0.0,2.5101864499999946,4.066666666666666,34.99777777777777,2,42.625
A (Ideal),FastAPI,IO,low,10.032521851465708,0.0,1.9424490699999986,1.6533333333333333,42.601111111111116,1,42.0
A (Ideal),Express,CPU,medium,50.01703308402069,0.0,14.18288054,45.08222222222222,35.968888888888884,1,42.875
A (Ideal),Express,IO,high,100.02814523020729,0.0,1.8564494399999971,5.967777777777778,36.31666666666667,1,43.0
A (Ideal),Express,CPU,medium,50.01762207298469,0.0,14.997170089999997,45.39,34.18555555555556,1,41.75
A (Ideal),Express,CPU,low,10.029953306604027,0.0,12.58846518,9.982222222222223,30.466666666666672,1,42.375
A (Ideal),Express,IO,low,9.999889205894213,0.0,2.939581080000004,1.5833333333333333,31.00333333333333,2,42.25
A (Ideal),Express,IO,high,100.02764450778682,0.0,2.554729999999996,5.473333333333334,36.855555555555554,2,41.75
A (Ideal),FastAPI,IO,high,100.02455110106118,0.0,1.5420632899999986,9.642222222222223,46.54333333333333,1,42.125
A (Ideal),FastAPI,IO,high,100.02415610367427,0.0,1.4502286,9.572222222222223,45.01444444444445,1,42.0
A (Ideal),Express,IO,high,100.02849703219034,0.0,2.5651848,5.919999999999999,36.449999999999996,1,42.125
A (Ideal),Express,IO,low,10.0326739351701,0.0,2.591017459999989,1.5844444444444445,29.488888888888894,1,42.75
A (Ideal),Express,IO,medium,49.99804881114573,0.0,2.5880765799999987,3.554444444444444,35.16666666666667,1,41.875
A (Ideal),FastAPI,IO,low,10.032463242208664,0.0,1.5036228999999999,1.661111111111111,44.465555555555554,1,42.625
A (Ideal),Express,IO,high,100.02608558320848,0.0,2.089387999999997,6.193333333333333,36.228888888888896,2,41.875
A (Ideal),FastAPI,IO,medium,50.0293594562853,0.0,1.5583216699999989,6.311111111111111,44.21333333333333,2,42.25
A (Ideal),Express,CPU,high,100.00629678767332,0.0,24.60317236,89.56777777777778,43.52666666666667,3,42.375
A (Ideal),FastAPI,IO,low,10.03264939458166,0.0,2.133723079999994,1.6588888888888886,42.510000000000005,2,41.75
A (Ideal),Express,CPU,high,100.00662082486203,0.0,24.733721210000002,89.99444444444445,42.4,3,42.125
A (Ideal),FastAPI,IO,high,100.02412221861063,0.0,1.6517555999999998,9.657777777777778,44.96222222222223,2,42.75
A (Ideal),FastAPI,CPU,low,10.032185262759297,0.0,3.148671,3.283333333333333,41.193333333333335,0,42.625
A (Ideal),FastAPI,IO,medium,50.03067571884835,0.0,1.9767078999999996,6.251111111111111,45.66111111111111,1,42.0
A (Ideal),FastAPI,CPU,high,100.02053467237647,0.0,2.953258489999999,27.666666666666664,41.31444444444445,1,41.875
A (Ideal),Express,IO,medium,50.030840845205574,0.0,2.1817598499999957,3.5999999999999996,35.20555555555555,1,42.625
A (Ideal),FastAPI,CPU,low,10.031901169090533,0.0,4.277971679999998,3.268888888888889,41.25,0,42.0
A (Ideal),FastAPI,CPU,low,10.03200554222379,0.0,3.16899251,3.326666666666666,41.24666666666667,0,42.875
A (Ideal),Express,IO,low,10.032591178754858,0.0,2.4521752099999996,1.5955555555555554,29.50111111111111,1,42.625
A (Ideal),FastAPI,CPU,high,100.0216967624552,0.0,3.1515423999999994,28.622222222222224,41.422222222222224,1,42.75
A (Ideal),Express,CPU,high,100.00373161541896,0.0,25.845362249999997,89.80888888888889,43.120000000000005,2,42.625
A (Ideal),Express,IO,low,10.032708180237561,0.0,2.59037669,1.6022222222222224,29.397777777777776,1,42.125
A (Ideal),FastAPI,CPU,high,100.02184132720811,0.0,2.8818609,27.641111111111112,41.507777777777775,0,42.125
A (Ideal),FastAPI,CPU,low,10.031907486952717,0.0,3.166463,3.29,41.150000000000006,0,42.375
A (Ideal),Express,CPU,high,100.00361539561783,0.0,25.89383164,90.05444444444444,42.84222222222222,3,43.0
A (Ideal),Express,CPU,low,10.0300398854846,0.0,13.078580779999998,10.136666666666667,30.61111111111111,1,42.375
A (Ideal),FastAPI,IO,medium,50.0308771491368,0.0,1.56385801,6.237777777777778,44.132222222222225,1,42.625
A (Ideal),Express,IO,high,100.02588095175177,0.0,2.268490679999996,6.24,36.40777777777778,1,42.5
A (Ideal),FastAPI,IO,medium,50.02972731733028,0.0,2.0218517,6.271111111111112,45.75222222222222,1,42.5
A (Ideal),Express,IO,low,9.999803339200957,0.0,2.6478414000000035,1.5899999999999999,29.45888888888889,2,42.0
A (Ideal),Express,IO,medium,50.03114114216977,0.0,2.5200267899999984,3.648888888888889,35.062222222222225,2,42.625
A (Ideal),Express,IO,high,100.02829032705387,0.0,2.1406050199999975,5.704444444444444,36.72444444444445,1,42.25
A (Ideal),Express,CPU,high,100.00291329713312,0.0,24.29328193,90.02666666666667,43.41555555555556,3,42.625
A (Ideal),Express,CPU,medium,50.01525188782502,0.0,14.919178979999998,44.583333333333336,34.39888888888889,1,42.125
A (Ideal),FastAPI,CPU,low,10.032060182298904,0.0,3.6276275999999976,3.2788888888888885,41.126666666666665,0,42.125
A (Ideal),FastAPI,CPU,high,100.0233348574142,0.0,3.2681593999999996,28.981111111111115,41.39222222222222,1,42.375
A (Ideal),FastAPI,IO,low,9.999664165945497,0.0,1.535095020000005,1.6633333333333333,42.623333333333335,1,42.625
A (Ideal),Express,IO,medium,50.032017999918786,0.0,3.04329531,3.6499999999999995,35.146666666666675,1,42.125
A (Ideal),FastAPI,IO,medium,50.029492951051274,0.0,2.073126299999999,6.858888888888889,44.19555555555555,2,42.625
A (Ideal),Express,IO,low,10.032590380888527,0.0,3.016533379999984,1.593333333333333,29.459999999999997,1,42.375
A (Ideal),FastAPI,CPU,low,10.031979440795956,0.0,4.243875289999975,3.2577777777777777,41.224444444444444,0,42.75
A (Ideal),Express,IO,medium,50.03186523830527,0.0,2.66492288,3.6000000000000005,35.19222222222222,2,42.375
A (Ideal),FastAPI,IO,low,10.032456844062583,0.0,1.5197991699999958,1.6577777777777776,42.58111111111111,1,41.875
A (Ideal),Express,CPU,high,100.00152894373622,0.0,24.766688599999995,89.53,43.24444444444444,3,42.0
A (Ideal),FastAPI,CPU,high,100.02310625411765,0.0,2.863035669999999,27.727777777777778,41.32,1,42.75
A (Ideal),Express,IO,high,100.02894236951873,0.0,2.1189314199999987,6.067777777777778,36.46888888888889,1,42.875
A (Ideal),FastAPI,CPU,low,10.032023786388336,0.0,3.2213349699999916,3.27,65.00999999999999,1,41.75
A (Ideal),Express,CPU,medium,50.01774881149494,0.0,13.472768669999997,45.62222222222223,34.275555555555556,1,42.375
A (Ideal),FastAPI,CPU,high,100.02220047233418,0.0,3.1557224999999995,28.16888888888889,41.3688888888889,1,42.75
A (Ideal),Express,IO,low,10.032572469725611,0.0,2.5304722399999973,1.592222222222222,29.353333333333335,1,42.625
A (Ideal),Express,IO,low,10.032778168215692,0.0,2.497472479999993,1.5866666666666667,29.354444444444443,1,42.125
A (Ideal),FastAPI,IO,medium,50.02985791419659,0.0,1.9553259999999997,6.226666666666667,44.24333333333333,1,42.625
A (Ideal),FastAPI,CPU,medium,50.027071569852616,0.0,3.1937488999999992,14.955555555555556,41.18333333333333,0,42.75
A (Ideal),Express,CPU,medium,50.017623578042404,0.0,14.808338839999998,44.81444444444444,36.605555555555554,1,42.625
A (Ideal),Express,IO,low,10.03283921065136,0.0,2.3266535999999993,1.5933333333333333,29.370000000000005,1,42.625
A (Ideal),Express,CPU,medium,49.999717711593746,0.0,15.506037779999993,44.878888888888895,36.65111111111111,1,42.625
A (Ideal),FastAPI,IO,medium,50.03086751533236,0.0,1.8586017799999988,6.25,45.77111111111112,2,42.125
A (Ideal),FastAPI,CPU,medium,50.027416710824745,0.0,3.18234621,14.872222222222222,43.48222222222223,1,41.875
A (Ideal),Express,CPU,medium,50.019772289462104,0.0,15.183271279999996,45.05888888888889,34.355555555555554,1,42.0
A (Ideal),FastAPI,CPU,medium,50.027934230288515,0.0,3.8024070799999996,15.051111111111112,41.28444444444444,0,42.75
A (Ideal),FastAPI,IO,low,10.032591040315344,0.0,1.5172855899999993,1.66,42.51222222222222,1,42.375
A (Ideal),FastAPI,CPU,low,10.032004127564045,0.0,4.239988709999987,3.25,41.21222222222222,0,42.375
A (Ideal),FastAPI,CPU,medium,50.02821134666684,0.0,3.2180436099999987,14.653333333333332,41.27,0,42.5
A (Ideal),FastAPI,CPU,low,10.031639145306485,0.0,3.0724087399999966,3.2966666666666664,41.23555555555556,1,42.0
A (Ideal),FastAPI,IO,medium,50.02978370350298,0.0,1.9983873899999998,6.217777777777778,45.76888888888888,2,41.625
A (Ideal),FastAPI,CPU,medium,50.02795381245149,0.0,3.483514,14.664444444444444,41.28333333333333,1,42.25
A (Ideal),Express,IO,medium,49.99949498676749,0.0,3.084221399999997,3.948888888888889,34.79222222222222,1,41.75
A (Ideal),Express,CPU,low,10.03023361568101,0.0,12.535117999999999,10.063333333333333,30.508888888888887,1,42.875
A (Ideal),FastAPI,CPU,medium,50.02806233332824,0.0,3.61781761,14.621111111111112,41.39555555555555,0,42.75
A (Ideal),FastAPI,CPU,medium,50.02715910308958,0.0,3.5531908899999993,14.856666666666667,41.313333333333325,0,42.25
A (Ideal),Express,CPU,medium,50.018713876979696,0.0,12.59928057999998,45.31444444444444,34.19111111111111,1,42.375
A (Ideal),Express,IO,high,100.02841793687591,0.0,2.2362636999999985,6.0200000000000005,36.58555555555555,1,42.875
A (Ideal),FastAPI,CPU,medium,50.02701374252769,0.0,3.8533001,14.738888888888889,41.248888888888885,0,42.0
A (Ideal),Express,IO,medium,50.03071068512234,0.0,2.124676069999996,3.6544444444444446,35.24888888888889,1,42.25
A (Ideal),Express,CPU,low,10.029964449816996,0.0,12.920412979999984,10.025555555555556,30.504444444444445,0,42.125
A (Ideal),FastAPI,IO,high,100.0271261833604,0.0,1.7056961899999996,9.587777777777777,45.00888888888889,1,42.375
A (Ideal),FastAPI,IO,medium,50.03015822270723,0.0,2.0070330899999997,6.243333333333333,44.15888888888889,2,42.125
A (Ideal),FastAPI,CPU,medium,50.028002769593435,0.0,3.342101289999997,14.981111111111112,41.388888888888886,0,42.125
A (Ideal),Express,IO,medium,50.03174655481092,0.0,2.839784389999998,4.072222222222221,35.13777777777777,1,42.125
A (Ideal),FastAPI,IO,low,10.032596403678976,0.0,1.8585415499999973,1.6644444444444444,42.55555555555556,1,42.75
A (Ideal),FastAPI,CPU,low,10.032045532355603,0.0,3.5537987699999953,3.27,41.20111111111111,1,42.0
A (Ideal),FastAPI,IO,high,99.99894387448747,0.0,1.5994723799999992,9.69888888888889,46.42,2,41.75
A (Ideal),FastAPI,CPU,high,100.02241511655076,0.0,2.7857388,27.6,41.474444444444444,0,42.375
A (Ideal),FastAPI,CPU,high,100.0223990880439,0.0,3.423561019999999,29.523333333333337,41.330000000000005,1,42.5
A (Ideal),Express,CPU,low,9.999669425594972,0.0,12.630353080000036,9.993333333333332,30.543333333333337,1,42.125
A (Ideal),FastAPI,IO,high,100.0243671490621,0.0,1.57060891,9.648888888888889,44.82888888888889,2,42.625
A (Ideal),FastAPI,IO,medium,50.03023621322823,0.0,1.8516643899999992,6.251111111111111,44.18777777777778,1,42.0
A (Ideal),Express,IO,medium,50.03103984542646,0.0,2.6869708399999994,4.042222222222223,34.86,1,42.375
A (Ideal),FastAPI,CPU,medium,50.027567185956016,0.0,3.4482032699999983,15.15111111111111,41.385555555555555,1,42.125
A (Ideal),FastAPI,CPU,high,100.02280098906877,0.0,3.088268599999999,27.467777777777776,43.51444444444445,1,41.75
A (Ideal),FastAPI,CPU,high,100.02278614058265,0.0,3.1580104399999986,27.71777777777778,41.486666666666665,1,42.5
A (Ideal),FastAPI,CPU,medium,50.02749855947301,0.0,3.162815299999999,14.74111111111111,41.27,0,42.375
A (Ideal),FastAPI,CPU,high,100.02386187380478,0.0,2.9214711999999996,27.628888888888888,43.662222222222226,0,42.125
A (Ideal),Express,CPU,high,100.0018771861873,0.0,25.69527464,89.91888888888889,43.01222222222222,3,42.75
A (Ideal),Express,CPU,medium,50.019536254574,0.0,14.004189349999995,44.71666666666667,34.33,1,42.875
A (Ideal),Express,IO,low,10.032862577375194,0.0,2.426665499999973,1.591111111111111,29.45555555555556,2,41.75
A (Ideal),Express,IO,medium,50.03091390504477,0.0,2.2527154999999994,3.9722222222222223,35.08222222222222,1,41.625
A (Ideal),FastAPI,IO,low,10.032451686160964,0.0,2.1759146,1.6655555555555555,44.16666666666667,1,42.375
A (Ideal),Express,IO,high,100.02837266292492,0.0,2.0562865999999973,5.70888888888889,36.62777777777778,1,42.75
A (Ideal),FastAPI,CPU,high,100.02205150940269,0.0,3.1453764100000003,28.147777777777776,41.294444444444444,1,43.0
A (Ideal),FastAPI,IO,low,10.032553355482477,0.0,1.7221935899999976,1.6555555555555557,42.59111111111111,1,42.125
A (Ideal),FastAPI,IO,high,100.02492254433967,0.0,1.7292471999999999,9.621111111111112,44.76222222222222,1,42.125
A (Ideal),FastAPI,IO,high,99.99666618448029,0.0,1.733696,9.703333333333333,44.90555555555556,1,42.375
A (Ideal),Express,IO,low,10.032788657919063,0.0,2.6529275099999996,1.5922222222222222,29.38444444444444,1,42.375
A (Ideal),FastAPI,CPU,low,9.999622633907721,0.0,6.281354120000001,3.28,41.184444444444445,0,42.875
A (Ideal),FastAPI,IO,low,10.032475735904814,0.0,2.107812699999994,1.6599999999999997,44.45222222222222,1,42.25
A (Ideal),Express,IO,high,100.02648359308964,0.0,1.8050949399999978,5.7155555555555555,36.64333333333333,1,42.125
A (Ideal),Express,CPU,medium,50.01839841311148,0.0,14.373883439999995,45.01222222222222,34.23333333333333,1,42.125
A (Ideal),FastAPI,CPU,high,100.02079608328513,0.0,3.35897618,28.010000000000005,43.69555555555556,1,42.75
A (Ideal),FastAPI,IO,low,10.032526534939107,0.0,2.2477475299999985,1.661111111111111,42.54888888888889,1,42.625
A (Ideal),Express,CPU,high,100.00331807077205,0.0,24.24007303999999,88.97666666666666,42.95111111111112,3,43.125
A (Ideal),FastAPI,CPU,high,100.02203862468336,0.0,3.1543887099999997,28.070000000000004,41.464444444444446,1,42.25
A (Ideal),FastAPI,IO,low,10.032510011051857,0.0,1.7031093699999964,1.6677777777777776,44.4,1,41.875
A (Ideal),FastAPI,CPU,low,10.03195807928653,0.0,3.384492,3.3144444444444447,41.22888888888888,0,41.75
A (Ideal),Express,IO,low,10.032555778825133,0.0,2.565154139999997,1.5877777777777775,29.40888888888889,2,42.0
A (Ideal),FastAPI,IO,medium,50.03087335698277,0.0,1.9071080799999998,6.286666666666666,44.07777777777778,2,42.375
A (Ideal),FastAPI,IO,high,100.02725265997293,0.0,1.4189252099999998,9.734444444444444,44.88111111111111,1,42.875
A (Ideal),Express,CPU,low,10.030024549263494,0.0,13.245733089999998,9.96888888888889,30.369999999999997,1,42.0
A (Ideal),FastAPI,CPU,high,100.02211580636866,0.0,3.2647842000000002,28.38444444444444,43.593333333333334,1,42.0
A (Ideal),Express,CPU,high,100.00169158142972,0.0,25.14224517,89.87444444444445,42.49777777777778,3,43.0
A (Ideal),Express,IO,low,10.032585304776267,0.0,2.444929759999987,1.5877777777777777,29.432222222222222,1,41.625
A (Ideal),Express,IO,medium,50.031534954812535,0.0,2.0291005099999992,3.79,35.019999999999996,2,42.375
A (Ideal),Express,CPU,medium,50.018053993262654,0.0,15.609054149999997,46.10222222222222,36.972222222222214,1,42.875
A (Ideal),Express,CPU,high,100.00361374938086,0.0,25.51015858,89.9,43.440000000000005,3,43.0
A (Ideal),Express,CPU,low,10.029913377267242,0.0,13.23604159999998,9.958888888888888,30.60888888888889,0,42.25
A (Ideal),Express,IO,medium,49.9993087678895,0.0,2.6934841199999946,3.8711111111111114,34.962222222222216,2,42.0
A (Ideal),Express,CPU,low,10.030210751525994,0.0,12.576077579999994,9.957777777777778,30.63111111111111,0,41.875
A (Ideal),Express,CPU,low,10.030173960265467,0.0,13.196843649999996,10.11111111111111,92.76888888888888,0,42.125
A (Ideal),Express,CPU,low,9.999617621621882,0.0,12.928363040000006,9.94777777777778,30.59777777777778,0,42.0
A (Ideal),Express,IO,low,10.0327848419893,0.0,2.9673175799999987,1.5911111111111111,29.40555555555555,1,41.875
A (Ideal),Express,CPU,medium,50.01730813292697,0.0,15.006583799999996,44.794444444444444,37.64555555555556,1,42.25
A (Ideal),Express,CPU,low,10.030089641460634,0.0,12.595997079999995,9.964444444444444,30.716666666666665,0,41.75
A (Ideal),FastAPI,IO,high,99.9960010099256,0.0,1.5118461799999956,9.622222222222222,46.48444444444445,2,42.125
A (Ideal),FastAPI,CPU,low,10.031982058789955,0.0,4.1140548099999865,3.2711111111111113,41.144444444444446,1,42.375
A (Ideal),Express,IO,low,10.032530129305599,0.0,2.370861659999999,1.6033333333333333,29.47222222222222,1,42.25
A (Ideal),Express,CPU,high,100.0063446111125,0.0,24.48115758,89.19333333333333,43.42333333333333,2,42.625
A (Ideal),Express,IO,medium,50.031442906937095,0.0,2.1079329099999997,3.9055555555555554,35.458888888888886,1,42.875
A (Ideal),Express,IO,high,100.0287233929156,0.0,2.297288019999998,5.682222222222222,36.92555555555556,2,42.375
A (Ideal),FastAPI,CPU,low,10.032123198440399,0.0,3.212533,3.2655555555555553,41.14666666666667,1,42.125
A (Ideal),Express,IO,high,100.02859456869137,0.0,2.2157378,6.003333333333334,36.40222222222222,1,42.375
A (Ideal),Express,IO,high,100.02724638531177,0.0,2.429994839999997,6.085555555555555,36.72444444444445,2,42.75
A (Ideal),Express,CPU,low,10.029879266246017,0.0,13.133117139999978,9.993333333333332,30.558888888888887,0,42.625
A (Ideal),Express,IO,medium,50.03039848678626,0.0,2.3229887099999984,3.5644444444444443,35.06444444444444,1,42.625
A (Ideal),FastAPI,CPU,medium,50.02797688287366,0.0,3.835298509999999,15.11111111111111,41.440000000000005,0,42.75
A (Ideal),FastAPI,IO,low,10.032554385411323,0.0,2.2960916299999985,1.6544444444444444,44.40555555555555,1,42.875
A (Ideal),Express,CPU,low,10.030336961076959,0.0,13.260587309999979,10.188888888888888,30.603333333333335,1,42.75
A (Ideal),Express,CPU,medium,50.018823612881825,0.0,14.957183969999996,45.58444444444444,38.49222222222223,1,42.875
B (Inestable),FastAPI,CPU,high,71.49866415233363,26.257914028657115,860.87783599,21.381999999999998,41.571000000000005,19,39.125
B (Inestable),FastAPI,IO,medium,28.823469853278905,40.50632911392405,882.12873099,5.08,44.373999999999995,36,39.625
B (Inestable),FastAPI,CPU,high,73.41699373634967,24.158613795401532,848.2561704999999,22.195,41.672000000000004,13,39.0
B (Inestable),Express,CPU,low,6.8063583352752,29.900332225913623,859.6339392599999,8.221,29.467999999999996,3,38.875
B (Inestable),Express,CPU,low,7.3545917090363,24.25249169435216,877.95644353,7.877,29.689000000000004,3,40.0
B (Inestable),Express,IO,low,6.306964805747184,35.880398671096344,883.29663004,1.435,28.921,14,39.625
B (Inestable),Express,IO,medium,30.41809212385066,37.17521652231846,881.400546,3.3049999999999997,35.681999999999995,42,39.875
B (Inestable),Express,CPU,low,7.1610660878872325,26.245847176079735,836.4181947799991,6.743,29.544,1,39.25
B (Inestable),Express,CPU,high,71.65673553304512,26.024658447184272,857.5017227999999,68.115,46.056999999999995,19,39.25
B (Inestable),FastAPI,IO,high,58.11269298291656,39.98667110963012,881.7808395200001,9.473,45.274,70,39.875
B (Inestable),FastAPI,CPU,medium,36.408980338974544,24.85009993337775,862.3355085999999,11.274000000000001,41.443,9,39.875
B (Inestable),FastAPI,CPU,medium,37.077651659337086,23.51765489673551,855.1379826899998,11.567,43.884,10,39.5
B (Inestable),Express,IO,high,56.66555196334619,41.5,878.53857995,5.322999999999999,38.812,76,39.0
B (Inestable),FastAPI,CPU,medium,34.7525104557422,28.314457028647567,864.3131422,10.794,41.467,10,38.875
B (Inestable),Express,CPU,medium,35.602433810586106,26.515656229180546,859.98912482,35.113,34.394999999999996,8,39.0
B (Inestable),FastAPI,CPU,high,71.30075499677439,26.391202932355885,858.6444833,21.147,41.70700000000001,25,39.5
B (Inestable),FastAPI,IO,low,5.727880150384574,41.19601328903654,887.01553792,1.409,44.554,12,39.375
B (Inestable),FastAPI,IO,low,5.5804456463173455,42.524916943521596,886.1100577799999,1.6480000000000001,42.494,10,39.5
B (Inestable),FastAPI,CPU,low,7.096288676236048,26.910299003322258,847.23525348,2.4959999999999996,41.314,3,39.125
B (Inestable),FastAPI,CPU,high,73.68312408343692,24.225258247250917,857.11163602,21.913999999999998,41.644,16,39.625
B (Inestable),Express,IO,high,60.24170820918275,37.86666666666667,878.8438273,4.7410000000000005,38.17100000000001,71,39.0
B (Inestable),Express,CPU,high,71.33327796653025,26.333333333333332,859.6428636999998,67.59199999999998,42.266000000000005,15,39.875
B (Inestable),FastAPI,CPU,low,6.9576426070530974,28.57142857142857,844.86653298,2.6150000000000007,43.661,2,39.25
B (Inestable),FastAPI,IO,low,5.612631883480151,42.19269102990033,874.74664975,1.3770000000000002,42.524,11,39.0
B (Inestable),FastAPI,CPU,high,71.55880295589137,26.124625124958346,859.10395859,21.34,41.495,15,39.0
B (Inestable),FastAPI,IO,high,59.41532322728508,38.62045984671776,882.6640582,9.687999999999999,45.597,72,39.875
B (Inestable),Express,IO,low,6.2131014293639035,36.21262458471761,877.423218,1.542,28.994,11,39.75
B (Inestable),FastAPI,CPU,low,7.1842288935966225,26.245847176079735,844.2105390399998,2.523,41.357,2,39.625
B (Inestable),FastAPI,CPU,low,7.067965584419646,27.906976744186046,878.70354835,2.835,43.483999999999995,3,39.875
B (Inestable),Express,IO,low,6.181018168006081,36.333333333333336,869.07477582,1.461,29.249000000000002,11,38.875
B (Inestable),Express,IO,low,5.7925824948520415,40.33333333333333,883.80446032,1.314,29.163,9,38.875
B (Inestable),Express,IO,medium,30.095642186742275,37.84143904063957,876.90152931,3.2119999999999997,35.707,43,39.375
B (Inestable),FastAPI,IO,medium,28.32123945815039,41.505662891405734,884.5454848400001,5.38,46.150000000000006,44,39.125
B (Inestable),FastAPI,IO,medium,27.274688938779907,43.666666666666664,881.91462862,5.449,45.64300000000001,40,39.625
B (Inestable),Express,IO,high,61.7363066048137,36.38787070976341,877.28209435,5.1370000000000005,38.47,71,39.0
B (Inestable),Express,CPU,medium,35.93352232025986,25.782811459027315,859.5466211599999,35.762,42.208000000000006,8,39.625
B (Inestable),FastAPI,IO,low,6.136106891291644,37.2093023255814,880.996422,1.52,42.359,9,39.875
B (Inestable),FastAPI,CPU,low,7.304845499578701,25.249169435215947,858.359857,2.808,41.32899999999999,4,38.875
B (Inestable),Express,CPU,medium,36.19144871918494,25.249833444370417,850.7746747599999,36.246,40.874,7,39.0
B (Inestable),Express,CPU,low,7.566622455028644,22.92358803986711,840.6488917099999,8.305,29.910999999999994,3,38.875
B (Inestable),FastAPI,IO,medium,29.760646191255518,38.57428381079281,883.1287256800001,5.385,44.358999999999995,44,39.0
B (Inestable),Express,CPU,low,7.269119524014705,25.91362126245847,849.252848,6.935,91.70199999999998,2,39.375
B (Inestable),Express,CPU,low,7.193270312205496,25.91362126245847,859.2977831400001,7.181,29.747000000000003,3,39.0
B (Inestable),Express,IO,high,59.06895773562244,39.0,879.02181768,4.746,38.592,79,39.25
B (Inestable),Express,IO,medium,28.146440339305645,41.86666666666667,881.2368719000001,3.2880000000000003,36.342,48,39.0
B (Inestable),FastAPI,IO,medium,27.612116116605858,42.93333333333334,883.1899090600001,5.513,47.105999999999995,41,39.375
B (Inestable),Express,IO,high,59.83704957182763,38.18727090969677,880.74081982,4.771,38.114000000000004,78,40.0
B (Inestable),Express,IO,low,6.111789284753782,37.2093023255814,876.107612,1.395,28.820999999999998,11,39.125
B (Inestable),FastAPI,CPU,low,7.510952809461274,23.588039867109632,851.78927458,2.484,41.425999999999995,4,39.375
B (Inestable),Express,IO,low,6.091046322517346,37.666666666666664,876.40895358,1.3900000000000001,28.791999999999994,13,39.0
B (Inestable),FastAPI,IO,high,57.93905285900238,40.166666666666664,882.426745,9.824000000000002,46.324,74,39.625
B (Inestable),Express,IO,medium,30.06942726476084,37.93333333333334,877.68604637,3.3870000000000005,35.854,43,39.0
B (Inestable),FastAPI,CPU,medium,36.99015643459513,23.599999999999998,858.6158039999999,11.655000000000001,43.714000000000006,7,39.125
B (Inestable),Express,CPU,high,71.53622484316094,26.124625124958346,860.622883,69.63399999999999,44.599000000000004,17,39.5
B (Inestable),Express,IO,medium,28.450443481703473,41.199999999999996,879.706556,2.973,36.40400000000001,40,38.875
B (Inestable),Express,CPU,low,6.870549507429228,29.2358803986711,830.1647651000001,7.5920000000000005,29.497000000000003,3,39.0
B (Inestable),Express,IO,medium,30.037700340952924,38.0,881.3136693499999,3.3059999999999996,36.194,41,39.0
B (Inestable),FastAPI,CPU,high,72.08613770010842,25.724758413862048,859.79430046,22.773,41.599000000000004,15,39.875
B (Inestable),Express,IO,low,6.375288096732731,34.55149501661129,874.93202092,1.3010000000000002,28.847,11,39.0
B (Inestable),FastAPI,IO,low,5.902961900068092,39.202657807308974,873.13448516,1.533,42.491,8,38.875
B (Inestable),Express,CPU,high,71.3406981447571,26.3,854.1701888500002,69.696,42.423,17,39.25
B (Inestable),Express,CPU,high,69.40094530708087,28.46666666666667,862.2915775,67.107,43.483,17,40.25
B (Inestable),FastAPI,CPU,medium,36.75521186137056,24.183877415056628,858.5113734299999,12.488,41.51,11,39.0
B (Inestable),Express,IO,high,59.512696128771275,38.52049316894369,882.59050283,4.776999999999999,37.955999999999996,79,39.75
B (Inestable),Express,CPU,low,7.3136672253458075,24.916943521594686,846.1735870399999,7.457000000000001,29.660000000000004,3,39.5
B (Inestable),FastAPI,CPU,high,72.38404189443422,25.224925024991666,858.5999391,22.783,41.584999999999994,20,39.0
B (Inestable),FastAPI,CPU,low,7.388052201690968,24.25249169435216,846.13472747,2.8049999999999997,41.251999999999995,2,40.0
B (Inestable),Express,IO,high,59.436915843621094,38.62045984671776,881.33095175,4.532000000000001,38.522000000000006,77,39.125
B (Inestable),FastAPI,IO,high,59.19080330666811,38.853715428190604,882.2374205,9.936,47.07000000000001,79,39.5
B (Inestable),Express,IO,low,6.4609784424551675,33.5548172757475,877.9331445,1.473,28.862000000000002,10,39.5
B (Inestable),Express,CPU,medium,35.50579066804677,26.71552298467688,855.7940484,35.391000000000005,36.946,9,39.375
B (Inestable),FastAPI,CPU,medium,35.72154135938572,26.31578947368421,856.32374466,11.939,41.471999999999994,12,39.625
B (Inestable),FastAPI,IO,low,5.727918874260698,41.19601328903654,882.7888194000001,1.4380000000000002,42.765,12,39.25
B (Inestable),Express,IO,low,5.806271644516818,40.19933554817276,889.28950924,1.3399999999999999,29.258,13,38.875
B (Inestable),Express,CPU,medium,36.41829405368918,24.783477681545637,853.83598778,34.799,34.441,11,39.75
B (Inestable),Express,CPU,medium,36.80510450452421,23.984010659560294,867.2408131999999,35.744,40.721000000000004,8,39.25
B (Inestable),Express,IO,medium,29.77257398374915,38.50766155896069,877.7005069,3.3999999999999995,35.833,45,39.125
B (Inestable),FastAPI,IO,low,5.580396104251909,42.524916943521596,873.48875883,1.499,44.815999999999995,13,39.0
B (Inestable),Express,CPU,low,7.1892097240398085,26.910299003322258,871.44356649,7.301,29.695999999999998,4,39.75
B (Inestable),Express,IO,medium,30.0961612162953,37.84143904063957,880.8650743500001,3.539999999999999,35.660999999999994,39,39.125
B (Inestable),Express,IO,low,5.677261616886258,41.52823920265781,875.4678191600001,1.2979999999999998,29.166000000000004,15,39.5
B (Inestable),FastAPI,IO,medium,29.986256067116205,38.107928047968024,880.08317146,5.052,44.914,43,39.5
B (Inestable),Express,CPU,high,71.9566757410141,25.691436187937356,860.8963936399999,65.79099999999998,41.358000000000004,19,39.25
B (Inestable),FastAPI,IO,medium,25.32176176634119,47.66666666666667,890.60498424,5.462999999999999,47.364,43,39.875
B (Inestable),FastAPI,IO,medium,30.05038524208164,37.9746835443038,881.16310308,5.191000000000001,44.678999999999995,40,39.0
B (Inestable),Express,IO,high,60.42670731511702,37.62079306897701,879.29230684,4.7669999999999995,38.355000000000004,71,39.375
B (Inestable),Express,CPU,high,72.57006881877966,25.05831389536821,854.27025336,67.155,42.997,17,40.125
B (Inestable),FastAPI,IO,medium,27.532820645794743,43.13333333333333,879.34678624,5.55,46.021,42,38.875
B (Inestable),Express,CPU,medium,35.99874560512939,25.649566955363092,866.03781111,34.484,38.033,12,39.375
B (Inestable),FastAPI,IO,high,59.19120918106024,38.853715428190604,879.0544717,9.721,45.859,72,39.875
B (Inestable),FastAPI,CPU,low,7.532084651905308,22.92358803986711,859.6381231199999,2.925,41.315000000000005,2,38.875
B (Inestable),Express,IO,medium,29.70831330944094,38.64090606262492,881.7527775,3.4090000000000003,35.459,40,39.5
B (Inestable),Express,CPU,medium,35.76916709189126,26.31578947368421,856.48501995,35.587,36.949,11,39.125
B (Inestable),Express,CPU,medium,36.095888810299975,25.449700199866754,863.49814565,36.316,40.428000000000004,10,39.0
B (Inestable),FastAPI,IO,high,55.69300741081371,42.46666666666667,880.7072422800001,9.666,46.831999999999994,83,39.0
B (Inestable),Express,CPU,low,7.304981449218272,25.249169435215947,858.4687346000001,7.696000000000001,29.7,2,38.875
B (Inestable),FastAPI,IO,medium,28.415486706758102,41.53333333333333,877.69426492,5.011,44.437000000000005,45,39.0
B (Inestable),FastAPI,CPU,medium,35.86082080825095,25.933333333333337,859.07510068,11.200999999999999,41.54299999999999,7,39.5
B (Inestable),FastAPI,CPU,medium,34.740636890070675,28.247834776815456,857.8869452799998,11.626999999999999,43.686,9,39.0
B (Inestable),FastAPI,CPU,high,71.07564709434065,26.624458513828724,860.1345837199999,21.788,41.656000000000006,20,39.25
B (Inestable),FastAPI,IO,low,5.421808080802133,44.333333333333336,867.5417030000001,1.5020000000000002,42.495999999999995,13,38.875
B (Inestable),Express,CPU,low,6.967474221075274,28.23920265780731,846.4742845700001,8.149000000000001,29.385,2,39.375
B (Inestable),FastAPI,CPU,high,71.90419724151764,25.791402865711426,854.4444286,23.289,41.63,14,39.0
B (Inestable),Express,CPU,low,7.629598626887279,21.92691029900332,739.5956790199999,8.396,29.856,2,39.75
B (Inestable),Express,IO,low,6.168658343252783,36.87707641196013,879.8254703800001,1.222,29.012,11,38.875
B (Inestable),Express,CPU,low,7.328740732374052,25.0,873.6759259400001,8.047,29.747000000000003,5,38.875
B (Inestable),Express,CPU,high,70.73963179071362,26.924358547150952,860.8909302,67.236,45.894,19,40.125
B (Inestable),FastAPI,CPU,medium,34.74060414659421,28.247834776815456,858.0209633,11.745999999999999,41.374,13,38.875
B (Inestable),Express,IO,high,60.59773607444643,37.4,879.9880576,4.816,37.705,78,39.5
B (Inestable),FastAPI,IO,low,5.649180225321808,42.0,864.91750602,1.388,42.433,10,39.75
B (Inestable),FastAPI,IO,medium,27.978447983260693,42.4,883.03930307,5.051,45.583000000000006,40,39.625
B (Inestable),Express,IO,medium,30.61885309961018,36.84210526315789,881.84891163,3.628,35.898,41,39.0
B (Inestable),Express,IO,medium,28.933497328774664,40.2398401065956,878.0604781999999,3.1480000000000006,35.61300000000001,41,39.75
B (Inestable),FastAPI,IO,high,57.87275400263268,40.233333333333334,883.3676467399999,9.791,45.692,76,38.875
B (Inestable),FastAPI,IO,medium,29.354101005136712,39.37375083277815,880.394149,5.537,45.551,47,40.0
B (Inestable),Express,IO,medium,27.277171809637096,43.695797198132084,882.961542,3.2560000000000002,36.11399999999999,49,39.375
B (Inestable),FastAPI,CPU,medium,37.02977744469302,23.717521652231845,859.8974186,11.391,43.676,8,39.125
B (Inestable),FastAPI,CPU,low,7.559947267489827,22.591362126245848,847.849171,2.7430000000000003,41.38,3,38.875
B (Inestable),Express,CPU,high,71.86684093928308,25.75808063978674,855.5716384,70.82300000000001,44.122,17,39.875
B (Inestable),FastAPI,IO,high,59.66961563261175,38.42052649116961,883.93638401,9.753,47.5,74,39.0
B (Inestable),FastAPI,CPU,high,73.15762263360769,24.425191602799067,857.1726522099999,22.706,41.593,17,39.625
B (Inestable),FastAPI,IO,low,5.602284030223128,42.66666666666667,884.8725777599999,1.5769999999999997,44.522000000000006,11,39.75
B (Inestable),FastAPI,IO,low,5.439589518792771,44.518272425249165,875.47804503,1.483,42.501999999999995,12,38.875
B (Inestable),Express,CPU,medium,35.81854093685224,26.11592271818787,863.4692674999999,34.995000000000005,37.173,6,39.125
B (Inestable),Express,IO,medium,31.547288988562535,34.843437708194536,877.01117472,3.5439999999999996,35.85,47,40.0
B (Inestable),FastAPI,CPU,medium,35.06277219270374,27.58161225849434,852.52125908,11.559000000000001,41.495,11,40.0
B (Inestable),Express,CPU,medium,36.01299417949106,25.716189207195207,855.70267805,32.451,42.518,16,39.0
B (Inestable),FastAPI,CPU,low,7.44299525888234,23.588039867109632,827.0394380099999,2.5100000000000002,41.288,2,39.125
B (Inestable),Express,IO,low,6.018994675829915,38.205980066445186,884.0513264,1.3079999999999998,29.121,11,39.25
B (Inestable),FastAPI,CPU,high,71.35579185803947,26.357880706431192,858.3042479200001,21.617,41.686,21,39.125
B (Inestable),Express,CPU,low,7.133186577817041,27.0,859.87728436,7.212000000000001,29.752999999999997,4,39.0
B (Inestable),Express,CPU,medium,36.72235209456064,24.450366422385077,871.42608826,37.547000000000004,45.712,11,40.0
B (Inestable),Express,IO,high,56.69405220466698,41.43333333333333,879.0469154,4.868,38.379999999999995,77,39.25
B (Inestable),Express,CPU,high,72.89880243645635,24.691769410196603,858.2759864199999,66.492,47.928,15,39.375
B (Inestable),FastAPI,CPU,high,72.61138496392395,25.15828057314228,853.7870242,21.181000000000004,41.65,18,39.375
B (Inestable),FastAPI,CPU,low,6.935292600072214,28.57142857142857,875.1214083900002,2.2990000000000004,43.54600000000001,3,38.875
B (Inestable),Express,IO,high,55.2414444580975,42.91430476825609,881.6206427,5.271,39.108000000000004,75,39.0
B (Inestable),Express,IO,high,60.380044072107104,37.687437520826386,881.6206288000001,4.643999999999999,38.04299999999999,74,39.875
B (Inestable),FastAPI,IO,high,58.70853757794717,39.35354881706098,881.09383955,9.776,46.079,76,39.125
B (Inestable),Express,CPU,high,71.07557209363284,26.624458513828724,855.62558728,69.46099999999998,47.06,17,39.375
B (Inestable),FastAPI,IO,high,58.77143179918104,39.2869043652116,882.6793545099999,9.969,45.90500000000001,73,39.125
B (Inestable),FastAPI,IO,high,60.04964709991609,37.98733755414862,880.5882334000001,9.84,47.033,71,39.625
B (Inestable),FastAPI,CPU,high,70.76177514766279,26.924358547150952,850.73549034,21.275,41.59400000000001,17,39.25
B (Inestable),FastAPI,IO,low,5.9029623204925485,39.202657807308974,877.6842689199999,1.411,42.673,9,39.125
B (Inestable),FastAPI,IO,low,5.778931550638893,40.863787375415285,881.8999630899999,1.563,42.758,12,38.875
B (Inestable),Express,CPU,high,71.48673358377515,26.391202932355885,850.68090588,70.38300000000001,42.835,20,39.625
B (Inestable),Express,IO,high,57.338605338940965,40.766666666666666,881.15618838,5.069999999999999,38.788,75,39.0
B (Inestable),FastAPI,IO,low,5.9675911090461575,38.53820598006645,880.6459247199999,1.577,42.653,11,39.0
B (Inestable),FastAPI,IO,medium,29.321094352267682,39.44037308461026,883.1493613399999,5.216000000000001,44.562,42,39.25
B (Inestable),FastAPI,CPU,medium,35.075810768672866,27.648234510326446,869.1238196199998,10.973,41.504000000000005,8,39.625
B (Inestable),FastAPI,IO,medium,30.53477947560821,36.97534976682212,882.1078310199999,5.381,44.271,42,39.0
B (Inestable),FastAPI,CPU,medium,35.21556243945568,27.266666666666666,854.6381005899999,11.594,43.75099999999999,9,39.375
B (Inestable),Express,CPU,high,71.81775235192542,25.85804731756081,853.9690823999999,68.271,45.189,15,39.25
B (Inestable),FastAPI,CPU,low,7.128522734484642,26.578073089701,873.6542493000001,2.5029999999999997,41.367000000000004,4,38.875
B (Inestable),Express,CPU,high,72.30962011721121,25.324891702765743,861.2464122,66.701,43.517,20,39.25
B (Inestable),FastAPI,CPU,medium,35.51415994656164,26.98201199200533,857.0616007000001,11.101,43.67100000000001,9,38.875
B (Inestable),Express,CPU,high,72.29984639212077,25.358213928690436,855.9722679999999,68.8,42.564,24,39.375
B (Inestable),FastAPI,IO,low,5.999596174535836,38.205980066445186,877.63695384,1.4969999999999999,42.542,11,39.5
B (Inestable),Express,IO,medium,29.04161994847638,40.17321785476349,883.204842,3.465,35.675,42,39.625
B (Inestable),Express,CPU,medium,36.84937195520644,24.333333333333336,845.6907302,36.227000000000004,37.934,10,39.625
B (Inestable),Express,IO,high,58.2600782188907,39.853382205931354,877.60721388,4.814,38.041000000000004,82,39.625
B (Inestable),FastAPI,CPU,low,7.393810959919337,24.58471760797342,859.8508435199999,2.714,41.265,2,39.75
B (Inestable),FastAPI,IO,high,56.6620532262667,41.46666666666667,878.99604169,9.823,45.938,71,39.0
B (Inestable),Express,IO,low,5.686769868019476,41.52823920265781,881.2740717,1.3860000000000001,30.880000000000003,12,39.375
B (Inestable),Express,IO,medium,30.385309404435883,37.241838774150565,882.48062792,3.4230000000000005,35.81699999999999,42,38.875
B (Inestable),Express,IO,high,60.436944264649206,37.587470843052316,878.88007679,4.697000000000001,37.97699999999999,81,39.875
B (Inestable),FastAPI,CPU,medium,34.18540869214869,29.666666666666668,851.50740276,11.389,41.538,11,38.875
B (Inestable),FastAPI,CPU,high,71.53638020469438,26.291236254581808,858.2305009099999,22.058999999999997,43.86800000000001,13,39.875
B (Inestable),FastAPI,CPU,high,72.76959686139773,24.925024991669442,854.5703659599999,21.492,41.551,14,40.0
B (Inestable),FastAPI,IO,high,57.12759961212144,40.98633788737088,878.5908215000001,9.733,47.498000000000005,79,39.375
B (Inestable),FastAPI,IO,high,52.43289834430397,45.83333333333333,884.0552045,10.037,49.345,96,39.0
B (Inestable),Express,CPU,medium,35.74047721014319,26.18254497001999,860.94810268,34.59,41.225,11,39.75
B (Inestable),Express,IO,low,6.2577811793407525,35.548172757475086,872.89355616,1.417,29.029999999999994,10,40.0
B (Inestable),FastAPI,IO,high,59.44912355555631,38.58713762079307,879.1653615600001,9.653,45.90500000000001,75,39.25
B (Inestable),FastAPI,IO,medium,28.519459236224908,41.13333333333333,877.69688418,5.139,45.95199999999999,39,38.875
B (Inestable),FastAPI,CPU,low,7.571453849905955,22.259136212624583,839.82537804,2.973,41.340999999999994,3,39.625
B (Inestable),Express,IO,low,5.64909911440879,42.19269102990033,883.12979748,1.316,29.153000000000002,10,39.0
B (Inestable),Express,CPU,medium,36.45026982483683,24.716855429713526,854.56700681,34.529,39.196,9,40.125
B (Inestable),Express,CPU,low,7.725463356464477,22.259136212624583,856.030171,8.048,29.751000000000005,2,39.5
B (Inestable),FastAPI,CPU,low,7.344050606314674,25.581395348837212,845.22020746,2.7880000000000003,65.166,2,38.75
C (Caos),FastAPI,IO,low,4.196204095092787,56.810631229235874,934.39302591,1.221,42.438,16,39.625
C (Caos),FastAPI,IO,low,4.239185986634695,56.47840531561462,919.56219758,1.4200000000000002,42.522000000000006,13,39.75
C (Caos),Express,IO,medium,22.526412501773642,53.564290473017984,938.7245910199999,3.431,35.677,52,39.75
C (Caos),Express,CPU,low,6.0516035198693245,37.87375415282392,936.4637273799999,6.909000000000001,29.2,5,39.0
C (Caos),Express,IO,high,42.94774545645179,55.63333333333333,943.9215609799999,4.23,38.813,101,39.875
C (Caos),Express,CPU,medium,29.340777054946006,39.44037308461026,889.8355934399999,30.861,42.242000000000004,16,39.875
C (Caos),FastAPI,IO,high,43.514709781750426,55.0483172275908,944.4318581800001,9.02,46.486000000000004,99,39.875
C (Caos),Express,IO,medium,21.321413256518245,55.93333333333334,936.3287396000003,3.3909999999999996,35.751000000000005,60,39.75
C (Caos),FastAPI,IO,low,4.483665743273781,53.820598006644516,931.6271674599999,1.4309999999999998,42.62,14,38.5
C (Caos),Express,CPU,medium,29.552878291903443,39.04063957361758,924.3418228000003,32.236000000000004,36.336,16,38.75
C (Caos),Express,IO,high,43.74049217179586,54.815061646117954,942.4767807000001,4.585,39.001999999999995,93,39.875
C (Caos),Express,IO,medium,23.16043281054428,52.16522318454364,948.9407248800002,3.3810000000000002,35.792,47,39.75
C (Caos),FastAPI,CPU,low,5.715699897393694,41.52823920265781,887.65559714,2.129,41.339999999999996,6,38.625
C (Caos),Express,IO,low,4.317878536281446,55.81395348837209,947.36959088,1.223,28.779000000000003,15,39.625
C (Caos),Express,CPU,high,59.57901172388586,38.4538487170943,896.7068867200002,61.496,46.75699999999999,30,38.875
C (Caos),Express,IO,medium,19.592613510235342,59.53333333333334,945.76117456,3.322,36.118,65,39.75
C (Caos),Express,CPU,low,5.588010685489062,43.18936877076412,912.7222900199996,6.787000000000001,28.762999999999998,4,39.75
C (Caos),Express,CPU,medium,30.328125538405985,37.4,898.9021798000001,30.740000000000002,34.376,18,39.75
C (Caos),Express,IO,medium,23.319486543593403,51.866666666666674,947.7846015700001,3.442,35.985,48,39.75
C (Caos),FastAPI,CPU,high,59.47498463704723,38.62045984671776,891.8828341399999,20.17,43.980000000000004,31,39.75
C (Caos),Express,CPU,medium,30.39307758572681,37.30846102598267,911.78754996,30.772999999999996,34.437000000000005,13,39.875
C (Caos),Express,IO,high,45.6108815337817,52.88237254248583,940.0828036000003,4.39,38.805,90,39.75
C (Caos),FastAPI,CPU,low,5.895493994416043,39.8671096345515,915.2640088799999,2.0650000000000004,41.426,7,39.625
C (Caos),FastAPI,CPU,medium,30.095640227686864,37.84143904063957,918.2813017999997,10.650999999999998,41.650000000000006,22,39.625
C (Caos),Express,CPU,low,6.439772513463233,33.88704318936877,889.58022073,6.339,29.817,5,39.875
C (Caos),Express,IO,low,3.8707753796324904,60.13289036544851,956.1774331,1.231,28.681,17,39.75
C (Caos),FastAPI,IO,medium,21.69061175003361,55.22984676882079,946.79678016,5.358,45.895,55,39.125
C (Caos),FastAPI,IO,medium,21.57984389542137,55.42971352431712,944.80091656,5.055999999999999,44.364,47,38.875
C (Caos),Express,CPU,high,59.939589337779815,38.120626457847386,910.92736364,62.896,41.205,34,40.125
C (Caos),FastAPI,IO,high,39.64446746226669,59.03333333333334,944.49732353,9.321,47.190999999999995,111,39.875
C (Caos),Express,CPU,low,6.245634231368014,36.544850498338874,878.487411,6.781000000000001,29.148999999999994,4,39.875
C (Caos),Express,CPU,low,5.770370358172206,41.52823920265781,871.5596005300001,5.85,29.064999999999998,3,39.875
C (Caos),Express,CPU,high,59.13760143678179,38.987004331889366,911.9305356000002,58.715999999999994,43.368,35,39.375
C (Caos),Express,CPU,medium,30.373634924157003,37.266666666666666,892.51405274,31.686,34.4,19,39.0
C (Caos),FastAPI,IO,low,4.305314830849996,55.81395348837209,919.385167,1.374,44.436,14,39.5
C (Caos),Express,CPU,medium,30.38567494808772,37.241838774150565,891.7270032700001,31.487000000000002,34.453,13,38.625
C (Caos),FastAPI,IO,low,4.142204963572786,57.475083056478404,921.9011332200001,1.351,44.628,13,38.5
C (Caos),FastAPI,CPU,medium,29.069235765913877,40.03997335109927,912.5153104399999,10.218,41.736000000000004,20,39.875
C (Caos),FastAPI,IO,low,4.161030375899043,57.14285714285714,915.28071198,1.389,42.608,14,38.75
C (Caos),Express,CPU,low,5.844027796383814,40.19933554817276,875.65878,6.712999999999999,28.818,4,38.625
C (Caos),FastAPI,IO,high,42.51398702673557,56.08130623125624,944.7943689000001,8.925,46.689,96,38.625
C (Caos),Express,CPU,low,5.773882975878181,40.53156146179402,892.3464081,6.132,91.11500000000001,4,38.625
C (Caos),FastAPI,CPU,high,60.51248014336953,37.48750416527824,893.0184400399999,19.259,41.93599999999999,28,39.75
C (Caos),FastAPI,IO,medium,20.98084696572034,56.69553630912725,944.3464314400001,5.212000000000001,45.164,49,39.75
C (Caos),FastAPI,CPU,low,5.825013133000179,40.19933554817276,907.94069249,2.1719999999999997,41.339999999999996,4,39.875
C (Caos),Express,IO,low,4.354647200300482,55.14950166112956,948.11684723,1.2419999999999998,28.558,17,38.5
C (Caos),FastAPI,CPU,medium,28.934497411814334,40.2398401065956,912.63425799,9.975999999999999,41.624,20,39.875
C (Caos),Express,IO,high,46.61103197931661,51.84938353882039,949.1938331099999,4.377,38.912,90,38.625
C (Caos),Express,IO,medium,20.837579488110897,56.9620253164557,943.9321869099998,3.3080000000000007,35.65999999999999,56,39.25
C (Caos),Express,CPU,high,60.082959535407404,37.954015328223925,893.68584438,59.83200000000001,42.56999999999999,38,38.75
C (Caos),FastAPI,CPU,high,59.938045599814025,38.120626457847386,897.71418588,19.622999999999998,41.86,30,39.0
C (Caos),FastAPI,CPU,low,5.903094704811736,39.202657807308974,864.4960015,2.532,65.261,4,38.125
C (Caos),FastAPI,CPU,low,6.14849266755347,36.87707641196013,861.49314094,2.572,41.432,4,39.875
C (Caos),Express,CPU,high,61.72801492291469,36.25458180606464,884.4139913799999,60.793000000000006,41.407000000000004,30,40.0
C (Caos),FastAPI,IO,medium,20.41722493553887,57.8,934.51728478,4.9910000000000005,45.877,57,39.75
C (Caos),Express,IO,medium,22.67300717480258,53.23117921385743,949.8993629800001,3.5739999999999994,35.798,52,39.875
C (Caos),FastAPI,CPU,low,6.39579591506549,34.55149501661129,895.4574513399997,2.636,41.45,6,39.875
C (Caos),FastAPI,CPU,low,5.792736501926419,40.33333333333333,851.96591838,2.153,43.577,7,39.125
C (Caos),FastAPI,CPU,medium,30.211243855234653,37.6,907.1531115199996,10.081,41.706,16,39.625
C (Caos),FastAPI,IO,medium,20.205681565809194,58.266666666666666,949.19176728,4.901,46.251,48,39.875
C (Caos),Express,CPU,low,5.838464592989396,39.8671096345515,950.6112949599999,7.579000000000001,29.043000000000006,5,38.625
C (Caos),Express,CPU,high,59.13117945095433,38.953682105964674,902.58220425,59.270999999999994,41.961,30,39.625
C (Caos),FastAPI,CPU,low,5.64478953431671,41.86046511627907,905.3717628800001,2.011,41.523999999999994,7,39.875
C (Caos),Express,IO,high,45.67617192679599,52.800000000000004,945.0385806,4.247,38.551,94,39.875
C (Caos),FastAPI,IO,low,4.498070111852849,53.820598006644516,948.1529751800005,1.3239999999999996,42.772,16,39.0
C (Caos),Express,CPU,medium,30.3730355019163,37.30846102598267,900.04175922,28.813000000000006,34.363,10,39.0
C (Caos),FastAPI,CPU,low,5.8705776515192145,39.53488372093023,888.979184,2.247,41.512,6,39.625
C (Caos),FastAPI,CPU,high,59.51367540820772,38.52049316894369,893.49755256,19.912999999999997,41.848,23,39.875
C (Caos),FastAPI,CPU,high,58.169742757951695,39.98667110963012,894.7402589,19.265,41.925,29,39.75
C (Caos),FastAPI,CPU,high,59.876186862661136,38.18727090969677,898.28998494,19.558,41.948,31,39.875
C (Caos),Express,IO,low,4.045129201882028,58.4717607973422,949.4282953699995,1.0770000000000002,28.689999999999998,13,39.75
C (Caos),FastAPI,IO,low,4.290092083823192,55.81395348837209,933.171587,1.402,42.522,12,39.75
C (Caos),Express,IO,medium,19.675432032512813,59.46666666666667,949.6236467499999,2.9939999999999998,36.626999999999995,62,38.625
C (Caos),FastAPI,IO,high,39.41669728703524,59.333333333333336,947.50261778,9.385,49.229,115,39.5
C (Caos),Express,CPU,high,59.513806930218465,38.52049316894369,910.9651095,59.431000000000004,36.926,33,40.125
C (Caos),FastAPI,IO,low,4.064317106503331,58.139534883720934,948.4551212099999,1.2710000000000001,42.58800000000001,15,39.75
C (Caos),FastAPI,IO,low,3.7417725961813946,61.461794019933556,968.730636,1.5219999999999998,42.69800000000001,16,38.625
C (Caos),FastAPI,CPU,low,6.515955717715003,32.89036544850498,904.4930920499999,2.352,41.389,4,39.75
C (Caos),Express,CPU,low,6.2578169605236456,35.548172757475086,895.4521868799999,6.639,29.107000000000006,8,38.5
C (Caos),FastAPI,IO,medium,20.87014297206245,56.86666666666667,950.4587523,4.7490000000000006,44.96900000000001,50,38.625
C (Caos),FastAPI,IO,high,43.771062347318896,54.78173942019326,946.98157425,9.093,45.775000000000006,90,39.875
C (Caos),FastAPI,IO,low,4.3223985458569265,55.48172757475083,957.4079437099999,1.334,42.617,13,39.625
C (Caos),Express,CPU,high,58.80844929747162,39.2869043652116,896.3397365800002,59.892999999999994,41.532,31,40.125
C (Caos),Express,CPU,medium,29.630851272831126,38.84077281812125,902.5846322000001,31.516999999999996,34.13,14,40.0
C (Caos),FastAPI,CPU,high,58.91167256114033,39.22025991336221,896.3909041399999,19.842000000000002,41.807,32,38.625
C (Caos),Express,IO,low,4.5158897227337045,53.48837209302325,931.2610223800001,1.175,29.169,14,39.625
C (Caos),FastAPI,CPU,medium,30.114452218262304,37.8,892.1315299,10.201,41.632,16,38.625
C (Caos),FastAPI,CPU,high,58.58994769427703,39.55348217260913,926.3091467999998,19.409000000000002,41.898,29,39.375
C (Caos),Express,CPU,low,5.889599373661946,39.33333333333333,891.07260685,6.159000000000001,29.204,4,39.75
C (Caos),Express,IO,high,46.09595453907624,52.38253915361546,948.06331798,4.494999999999999,38.634,96,40.0
C (Caos),Express,IO,low,4.29362857062793,55.81395348837209,911.6255463199998,1.165,28.653000000000002,14,39.875
C (Caos),Express,IO,low,4.096607548310673,57.80730897009967,945.2060726000002,1.237,31.150000000000006,18,38.75
C (Caos),FastAPI,CPU,high,59.51407657797835,38.52049316894369,912.9639712400004,19.105999999999998,41.845000000000006,26,40.0
C (Caos),Express,IO,low,3.9353223184967607,59.46843853820598,904.7004953,1.177,28.994999999999997,14,38.875
C (Caos),Express,IO,medium,23.11029629554305,52.298467688207865,935.6389678300001,3.3229999999999995,35.767,48,38.5
C (Caos),FastAPI,CPU,medium,29.907910297602815,38.266666666666666,891.99892223,10.353,41.808,13,39.75
C (Caos),Express,IO,high,43.73743551683968,54.833333333333336,947.5810170000001,4.849000000000001,38.825,100,39.875
C (Caos),FastAPI,IO,medium,20.980320476822545,56.666666666666664,946.23031678,5.126,44.45,56,39.75
C (Caos),FastAPI,IO,medium,20.832513604202823,57.0286475682878,949.4461772799998,5.2170000000000005,44.92,52,39.5
C (Caos),Express,IO,low,4.548184097233235,53.156146179402,946.967903,1.307,29.046,14,39.75
C (Caos),Express,IO,medium,21.6072272832828,55.42971352431712,952.4668996,3.154,35.282,51,39.875
C (Caos),FastAPI,IO,high,40.96560253332099,57.666666666666664,932.2935505199999,8.895999999999999,48.323,99,38.625
C (Caos),Express,IO,medium,22.077753482114197,54.43037974683544,945.34948512,3.332,35.907,51,39.375
C (Caos),FastAPI,IO,high,42.90141698722118,55.68143952015995,946.0083589399999,9.587,45.906,97,38.875
C (Caos),Express,IO,high,44.771956511802955,53.74875041652783,945.40680569,4.516,38.607,99,39.875
C (Caos),Express,IO,low,4.806233616720112,50.498338870431894,945.58536,1.215,28.852000000000004,15,38.5
C (Caos),Express,CPU,low,5.973864462648004,38.87043189368771,939.94400446,7.797,28.930999999999994,3,39.875
C (Caos),FastAPI,IO,low,4.5778386231808215,53.156146179402,919.2714898600001,1.372,42.497,16,38.875
C (Caos),FastAPI,CPU,high,59.642436250497695,38.38720426524492,898.20148104,18.687,41.872,36,38.625
C (Caos),Express,CPU,medium,30.586964430083672,36.908727514990005,917.3883761299999,31.967999999999996,34.465,13,39.875
C (Caos),Express,CPU,medium,30.0113444020201,38.13333333333333,897.8173973999999,32.42700000000001,41.056,13,39.875
C (Caos),Express,CPU,low,5.876332659946647,39.8671096345515,897.2368243599998,5.904999999999999,29.078000000000003,3,39.625
C (Caos),Express,IO,medium,22.86984155052422,52.76482345103265,944.7538844,3.304,36.269999999999996,50,38.625
C (Caos),Express,CPU,high,60.88883468070989,37.12095968010663,921.24058486,61.61399999999999,45.038,33,39.125
C (Caos),FastAPI,CPU,medium,30.417783592398713,37.17521652231846,904.9750155599995,10.555000000000001,43.763,13,39.875
C (Caos),FastAPI,IO,high,40.39854447585902,58.266666666666666,950.7821314100001,9.437,47.885,110,39.875
C (Caos),FastAPI,IO,medium,19.979845573182963,58.733333333333334,937.5467104400001,5.121,47.223,52,39.875
C (Caos),FastAPI,IO,medium,22.32176890323427,53.89740173217855,945.1967343599999,5.0200000000000005,43.827000000000005,55,39.875
C (Caos),FastAPI,CPU,high,61.26192878906594,36.75441519493502,894.3009415,19.117,41.898,30,39.375
C (Caos),FastAPI,IO,high,45.23884491714322,53.28223925358214,948.9786576,8.92,46.396,92,39.875
C (Caos),FastAPI,CPU,medium,29.707667738756346,38.64090606262492,915.3992533800001,10.134,43.94799999999999,16,39.75
C (Caos),Express,IO,high,44.77201590830199,53.74875041652783,943.65522828,4.364,38.798,102,38.75
C (Caos),Express,CPU,high,60.52853397788706,37.6541152949017,902.38780884,62.217,42.832,26,39.125
C (Caos),FastAPI,IO,medium,20.956216902507776,56.8,941.6123671700001,5.134,44.637,52,38.875
C (Caos),FastAPI,CPU,low,5.19458202510477,46.84385382059801,875.3779857799998,2.0140000000000002,41.352000000000004,2,38.875
C (Caos),FastAPI,CPU,low,6.2863277616749516,35.880398671096344,871.8883352800001,2.319,41.404999999999994,5,39.5
C (Caos),FastAPI,IO,high,39.48199163529575,59.266666666666666,942.2344853,9.343,48.777,100,39.0
C (Caos),Express,CPU,medium,30.34075845615539,37.37508327781479,906.7967749999998,31.352000000000004,39.763000000000005,20,39.625
C (Caos),Express,CPU,low,5.6771880299376205,41.52823920265781,868.4901038799998,6.629,29.278000000000002,3,39.625
C (Caos),FastAPI,IO,low,4.354639699412295,55.14950166112956,946.99216732,1.404,42.511,15,39.75
C (Caos),Express,IO,high,42.43154288740749,56.166666666666664,946.7432098800001,4.481,39.303999999999995,103,39.0
C (Caos),Express,IO,high,43.55995734510241,55.00000000000001,946.57892399,4.62,39.015,109,38.875
C (Caos),FastAPI,IO,medium,21.8051085377937,54.96335776149234,939.1231792,5.1339999999999995,44.225,50,39.625
C (Caos),Express,CPU,high,59.67961428351973,38.38720426524492,903.7293332799999,63.763999999999996,41.30199999999999,25,40.125
C (Caos),Express,IO,high,46.19125271610771,52.282572475841384,945.6145562799999,4.2219999999999995,38.698,98,39.625
C (Caos),FastAPI,CPU,high,57.003545393445364,41.1137045681894,907.4368421999997,19.439,44.013000000000005,31,40.0
C (Caos),FastAPI,IO,low,4.548303203321608,53.156146179402,930.7496721300001,1.313,42.59400000000001,13,39.875
C (Caos),FastAPI,CPU,medium,29.49388787326156,39.2,896.78305812,9.817,41.613,16,38.875
C (Caos),Express,IO,high,41.22435665482062,57.4,945.3785202400002,4.387,39.365,114,39.875
C (Caos),FastAPI,CPU,medium,30.41863176330151,37.17521652231846,900.88853007,10.436,41.583999999999996,16,39.75
C (Caos),Express,IO,medium,23.12823523221982,52.23184543637574,941.6295562199999,3.1979999999999995,36.587,54,38.875
C (Caos),Express,CPU,medium,29.4885411055131,39.17388407728181,902.98271408,31.413,34.499,16,39.25
C (Caos),FastAPI,CPU,medium,30.12857980300962,38.17455029980013,898.14006235,10.355,41.619,13,38.625
C (Caos),FastAPI,CPU,medium,30.439231332484383,37.333333333333336,897.81669439,10.965,41.824,16,39.875
C (Caos),FastAPI,CPU,high,58.19211579857273,39.886704431856046,908.30041822,18.787,41.838,25,38.625
C (Caos),FastAPI,IO,high,44.25501192389575,54.28190603132289,944.95036559,9.203999999999999,46.486000000000004,102,39.875
C (Caos),Express,CPU,high,59.82347901342186,38.22059313562146,902.5349968,60.535000000000004,45.242000000000004,29,40.125
C (Caos),FastAPI,IO,high,43.523619935751334,55.08163945351549,941.59355472,8.816999999999998,46.324,89,39.75
C (Caos),FastAPI,CPU,high,60.158874883595196,37.85404865044985,889.3554392600001,19.675,41.908,29,39.0
C (Caos),Express,CPU,medium,30.547944535891272,36.908727514990005,888.11480868,31.576999999999998,34.596999999999994,20,39.875
C (Caos),FastAPI,CPU,high,60.90909614429297,37.2,906.6862724599999,19.553,44.199,27,39.875
C (Caos),Express,CPU,high,60.178429778049285,37.833333333333336,904.9171244700001,59.346000000000004,42.31,28,40.125
C (Caos),FastAPI,IO,high,42.44541715321199,56.166666666666664,948.6832339200001,8.802,47.69,104,38.75
C (Caos),Express,IO,high,46.514243235303766,51.94935021659447,942.0768384200001,4.196000000000001,39.023,92,39.25
C (Caos),Express,CPU,high,57.999470651928014,40.06666666666667,905.1406536000001,59.126,42.552,31,38.875
C (Caos),FastAPI,IO,low,4.332028690778475,55.666666666666664,920.48166878,1.229,42.448,14,39.875
C (Caos),Express,CPU,low,5.870689138534807,39.53488372093023,927.976444,6.869,29.201999999999998,4,38.875
C (Caos),Express,IO,low,3.9150900396123407,59.800664451827245,939.57208,1.268,29.256,15,38.875
C (Caos),Express,CPU,low,5.501414229349531,43.521594684385384,913.45153868,6.641,29.15,4,39.5
C (Caos),FastAPI,IO,high,39.22317208040119,59.46666666666667,953.8734681699999,9.372000000000002,50.17899999999999,100,39.25
C (Caos),FastAPI,IO,medium,20.657120471005726,57.333333333333336,953.07977954,5.112000000000001,44.884,54,38.625
C (Caos),FastAPI,IO,medium,20.657665533201012,57.36175882744837,939.2763592800001,4.7620000000000005,44.637,52,39.875
C (Caos),FastAPI,CPU,low,5.533688939208797,43.18936877076412,897.2014264600003,2.07,43.598,8,39.875
C (Caos),FastAPI,CPU,medium,29.521207043951314,39.107261825449704,891.6301102999996,10.083,43.75399999999999,18,39.0
C (Caos),Express,CPU,medium,30.469975489467874,37.10859427048634,890.48860258,30.761999999999993,34.446999999999996,16,38.625
C (Caos),Express,CPU,high,60.230328248819525,37.820726424525155,899.8225424,60.487,49.065999999999995,31,39.875
C (Caos),Express,IO,low,4.239280110185785,56.47840531561462,946.445897,1.31,28.993000000000002,15,39.5
C (Caos),FastAPI,IO,high,42.67552959290739,55.914695101632795,942.9788508,9.09,46.019,90,39.75
C (Caos),FastAPI,CPU,low,6.05168244267093,37.87375415282392,907.56432,2.4829999999999997,41.434999999999995,4,38.5
C (Caos),Express,IO,high,43.05809975115909,55.53333333333333,944.76409707,4.151,38.724,100,38.75
C (Caos),FastAPI,IO,medium,21.095702137186038,56.39999999999999,944.9504924,5.08,45.529,52,38.625
C (Caos),FastAPI,CPU,medium,29.545659315878382,39.17388407728181,902.1337647700001,10.719999999999999,41.63,16,38.875
C (Caos),Express,IO,low,4.415469568934209,54.81727574750831,939.04597315,1.248,28.6,14,38.625
C (Caos),Express,IO,low,4.90296247640317,49.501661129568106,947.0916199999999,1.215,28.938,14,39.75
C (Caos),FastAPI,CPU,medium,31.826439159798365,34.310459693537645,868.73744732,10.668000000000001,41.653999999999996,11,38.625
C (Caos),Express,IO,medium,22.97394480467865,52.6,944.3858131999999,3.617,36.214,56,38.875
C (Caos),Express,CPU,medium,29.79164057773888,38.50766155896069,911.87035081,32.449000000000005,36.609,20,39.875
C (Caos),Express,IO,low,4.476923792678872,54.48504983388705,927.897997,1.3130000000000002,28.891,14,39.875
C (Caos),FastAPI,CPU,low,5.986737583467419,38.53820598006645,878.1434852799999,2.2819999999999996,43.628,4,38.75
C (Caos),Express,IO,medium,20.961410797236184,56.70446964643096,939.22798638,3.304,35.83399999999999,55,39.875
